algorithm,RMSE,MAE,Precision@10,Recall@10,NDCG@10,MAP@10
simple_memory,0.993504314094313,0.8029539878118368,0.05079533404029693,0.09227936844585838,0.07696320641716203,0.036180414617046686
user_based,0.9591350477959673,0.7499652958214279,0.0015906680805938495,0.0034094160817384573,0.0014656267419892335,0.00039136419659572717
slope_one,0.9626379782109177,0.7561934232339188,0.0028632025450689292,0.0034624383510915855,0.003978576973272167,0.0014660844503545105
item_based,0.9559048323040916,0.7467560586208588,0.010180275715800637,0.018678988032116345,0.012614890567360811,0.004779158874971378
simple_model,0.9919036805215162,0.7792611110629968,0.00010604453870625664,0.00021208907741251327,0.0002977435724985625,0.00010604453870625664
svd,0.9579183433769682,0.7574846975335644,0.013255567338282079,0.023317174165530478,0.017417524346802535,0.006726609450975708
bpr,2.2788629239669933,1.9217936218709268,0.06733828207847296,0.11913725193152551,0.10523195767408244,0.05265758661973881
fm,0.9461959374011051,0.7430778658304932,0.04072110286320255,0.07142225925364842,0.06212547239392974,0.028307879571450752
