algorithm,RMSE,MAE,Precision@10,Recall@10,NDCG@10,MAP@10
slope_one,0.9626379782109177,0.7561934232339188,0.0028632025450689292,0.0034624383510915855,0.003978576973272167,0.0014660844503545105
