algorithm,RMSE,MAE,Precision@10,Recall@10,NDCG@10,MAP@10
simple_memory,0.9953290997804477,0.8036315803536358,0.05079533404029693,0.09227936844585838,0.07696320641716203,0.036180414617046686
user_based,0.9591350477959673,0.7499652958214279,0.0015906680805938495,0.0034094160817384573,0.0014656267419892335,0.00039136419659572717
item_based,0.9559048323040916,0.7467560586208588,0.010180275715800637,0.018678988032116345,0.012614890567360811,0.004779158874971378
slope_one,0.961076968524618,0.7555922486984452,0.0024390243902439024,0.003036576949620428,0.0037140211250672505,0.001492969639841326
simple_model,0.9761432020016427,0.7740131423661242,0.02311770943796395,0.040991684761568115,0.030640494766757776,0.01274688619409116
svd,0.9330778632440733,0.7342177059446346,0.02248144220572641,0.03960468952515612,0.03267399686367162,0.014307704366849446
bpr,2.2558055478543295,1.9002575611723374,0.07200424178154825,0.12667440960123888,0.11260042870766505,0.05720228643674586
fm,0.9370384054119466,0.7375576419175429,0.03722163308589607,0.06808522277769363,0.05850444448734069,0.029564678017627063
